date,rainfall_mm,Q_in_m3day,C_in_mgL,C_reservoir_mgL
2024-01-01,3.52,126684.0,39.16,34.0
2024-01-02,7.79,139176.0,37.32,33.87
2024-01-03,5.44,146360.0,37.53,33.83
2024-01-04,6.12,151861.0,38.51,33.78
2024-01-05,9.19,157744.0,41.13,33.58
2024-01-06,8.0,164702.0,39.43,33.54
2024-01-07,30.67,230645.0,39.73,33.79
2024-01-08,4.88,214256.0,43.15,33.87
2024-01-09,5.3,219524.0,40.99,33.72
2024-01-10,6.57,145834.0,45.43,33.48
2024-01-11,6.93,140832.0,41.52,33.71
2024-01-12,24.85,197269.0,36.35,33.71
2024-01-13,8.06,197544.0,41.92,33.64
2024-01-14,12.67,221616.0,45.98,33.67
2024-01-15,9.34,179550.0,45.57,33.48
2024-01-16,8.8,179808.0,46.31,33.72
2024-01-17,10.24,185736.0,38.85,33.67
2024-01-18,6.46,170759.0,42.53,33.89
2024-01-19,7.38,167848.0,38.62,33.89
2024-01-20,4.86,145215.0,39.98,34.09
2024-01-21,4.68,140111.0,36.49,34.09
2024-01-22,6.65,143352.0,37.31,34.19
2024-01-23,40.54,239176.0,41.34,34.36
2024-01-24,6.04,232666.0,44.33,34.52
2024-01-25,4.05,234114.0,44.04,34.64
2024-01-26,3.95,137515.0,42.9,34.59
2024-01-27,3.85,130538.0,39.31,34.84
2024-01-28,3.34,125654.0,36.93,34.65
2024-01-29,6.16,132927.0,36.07,34.61
2024-01-30,7.69,144967.0,39.74,34.59
2024-01-31,5.98,153333.0,40.6,34.64
2024-02-01,2.61,146426.0,40.21,34.55
2024-02-02,5.71,143540.0,36.87,34.57
2024-02-03,5.75,136056.0,32.85,34.49
2024-02-04,9.14,152655.0,34.97,34.22
2024-02-05,3.8,152033.0,41.08,34.21
2024-02-06,5.4,151956.0,37.77,34.03
2024-02-07,8.54,145131.0,37.41,33.74
2024-02-08,6.65,158836.0,42.31,33.76
2024-02-09,6.81,163545.0,41.27,33.83
2024-02-10,6.13,158680.0,39.07,33.9
2024-02-11,31.48,227327.0,41.56,34.04
2024-02-12,26.62,266923.0,44.06,33.85
2024-02-13,4.71,267547.0,44.54,33.75
2024-02-14,27.64,257312.0,49.79,34.16
2024-02-15,3.84,196031.0,47.16,34.05
2024-02-16,6.38,197725.0,44.76,34.19
2024-02-17,6.14,136202.0,43.18,34.06
2024-02-18,4.93,147004.0,38.53,34.05
2024-02-19,5.81,141172.0,39.76,33.93
2024-02-20,4.89,142109.0,37.79,33.99
2024-02-21,4.2,135751.0,33.08,33.97
2024-02-22,8.27,140790.0,34.12,33.86
2024-02-23,27.78,208507.0,39.08,33.73
2024-02-24,6.23,213512.0,42.23,33.81
2024-02-25,4.0,204273.0,41.29,33.67
2024-02-26,6.77,156278.0,41.74,33.73
2024-02-27,3.91,140542.0,44.75,34.11
2024-02-28,11.31,161079.0,36.33,34.29
2024-02-29,7.03,153953.0,38.91,34.38
2024-03-01,7.6,162738.0,40.0,34.36
2024-03-02,6.08,163128.0,37.84,34.06
2024-03-03,32.38,218193.0,42.78,33.91
2024-03-04,6.28,214072.0,38.92,34.13
2024-03-05,2.34,209127.0,44.38,34.06
2024-03-06,5.41,136946.0,39.93,33.93
2024-03-07,8.44,138648.0,45.64,33.9
2024-03-08,5.61,150357.0,38.3,33.72
2024-03-09,6.28,160364.0,40.43,33.53
2024-03-10,6.17,144141.0,38.72,33.5
2024-03-11,6.66,144002.0,38.92,33.34
2024-03-12,2.29,145028.0,37.07,33.21
2024-03-13,2.73,133589.0,38.13,33.06
2024-03-14,11.51,140953.0,39.16,33.12
2024-03-15,4.11,140999.0,36.71,33.05
2024-03-16,7.11,156883.0,38.08,33.01
2024-03-17,4.63,142005.0,37.39,33.08
2024-03-18,2.17,142937.0,43.14,33.05
2024-03-19,3.13,121309.0,37.36,32.96
2024-03-20,0.87,116030.0,40.24,32.99
2024-03-21,4.6,126323.0,36.46,33.05
2024-03-22,4.63,115049.0,37.37,32.99
2024-03-23,4.24,141110.0,34.45,32.96
2024-03-24,6.45,134960.0,36.6,32.81
2024-03-25,6.59,147756.0,38.6,32.67
2024-03-26,4.5,148016.0,41.34,32.77
2024-03-27,1.51,139018.0,38.24,32.82
2024-03-28,5.59,133688.0,40.73,32.86
2024-03-29,12.41,140143.0,39.95,32.89
2024-03-30,5.05,157536.0,41.74,32.89
2024-03-31,6.01,163259.0,38.55,32.99
2024-04-01,2.75,135825.0,43.6,33.12
2024-04-02,30.72,207643.0,40.86,33.29
2024-04-03,2.96,201078.0,39.16,33.3
2024-04-04,5.48,207466.0,38.33,33.53
2024-04-05,1.78,126187.0,44.9,33.55
2024-04-06,8.35,132405.0,42.55,33.62
2024-04-07,6.49,142055.0,37.34,33.64
2024-04-08,3.78,151744.0,40.6,33.66
2024-04-09,5.38,136280.0,39.47,33.52
2024-04-10,4.43,139389.0,42.34,33.61
2024-04-11,3.87,141014.0,34.78,34.0
2024-04-12,6.02,138815.0,37.29,33.91
2024-04-13,3.57,120577.0,36.87,33.88
2024-04-14,1.21,122411.0,33.34,33.76
2024-04-15,2.62,129170.0,39.2,33.65
2024-04-16,4.61,119762.0,36.62,33.84
2024-04-17,4.32,120881.0,38.44,33.69
2024-04-18,1.33,133523.0,41.41,33.6
2024-04-19,2.54,121909.0,36.14,33.31
2024-04-20,2.7,123055.0,36.02,33.15
2024-04-21,2.98,123317.0,36.9,32.86
2024-04-22,7.0,136104.0,38.96,32.93
2024-04-23,2.48,135033.0,35.99,33.31
2024-04-24,2.28,134844.0,35.83,33.22
2024-04-25,4.48,136033.0,39.42,32.94
2024-04-26,43.36,238509.0,42.91,33.15
2024-04-27,3.0,227673.0,37.58,33.08
2024-04-28,2.58,232742.0,39.24,33.33
2024-04-29,6.4,137663.0,45.18,33.28
2024-04-30,1.84,134874.0,42.67,33.16
2024-05-01,1.29,123295.0,35.29,33.09
2024-05-02,1.55,118313.0,36.3,33.16
2024-05-03,1.96,117441.0,36.6,33.08
2024-05-04,1.11,125186.0,37.41,32.96
2024-05-05,3.05,112569.0,33.36,32.88
2024-05-06,3.85,118828.0,34.71,32.64
2024-05-07,0.32,117728.0,36.79,32.65
2024-05-08,2.69,115848.0,36.13,32.34
2024-05-09,2.27,109640.0,37.61,32.22
2024-05-10,3.06,107581.0,34.01,32.28
2024-05-11,2.48,118660.0,37.02,32.29
2024-05-12,0.27,117338.0,38.48,32.34
2024-05-13,0.5,106203.0,37.01,32.28
2024-05-14,2.39,118110.0,36.33,32.41
2024-05-15,5.52,122496.0,36.16,32.51
2024-05-16,0.0,127541.0,34.38,32.53
2024-05-17,2.72,123257.0,36.2,32.63
2024-05-18,3.93,121856.0,39.28,32.71
2024-05-19,1.87,124102.0,36.46,32.6
2024-05-20,2.87,129972.0,34.6,32.36
2024-05-21,6.1,129184.0,36.13,32.39
2024-05-22,1.77,131129.0,37.41,32.44
2024-05-23,0.0,122817.0,35.79,32.56
2024-05-24,0.0,103284.0,37.28,32.36
2024-05-25,3.22,110616.0,37.4,32.18
2024-05-26,0.28,120516.0,37.44,32.21
2024-05-27,1.03,110739.0,38.42,32.16
2024-05-28,0.0,105598.0,37.57,31.82
2024-05-29,0.0,109036.0,33.71,31.83
2024-05-30,29.89,185407.0,36.98,31.56
2024-05-31,0.44,180926.0,38.66,31.43
2024-06-01,2.05,174422.0,38.03,31.64
2024-06-02,2.12,114869.0,36.91,31.87
2024-06-03,1.88,105035.0,38.54,31.64
2024-06-04,51.84,256237.0,41.11,31.68
2024-06-05,3.68,253888.0,41.11,31.77
2024-06-06,0.0,253031.0,41.58,32.12
2024-06-07,1.14,108345.0,44.46,32.01
2024-06-08,2.88,102978.0,42.63,31.9
2024-06-09,3.04,120153.0,41.32,32.1
2024-06-10,0.0,115631.0,36.28,32.0
2024-06-11,0.6,107239.0,35.44,32.06
2024-06-12,3.06,110176.0,36.27,31.79
2024-06-13,9.73,149534.0,37.6,31.75
2024-06-14,14.74,177584.0,39.37,31.51
2024-06-15,0.58,172052.0,42.74,31.38
2024-06-16,0.3,145876.0,36.87,31.48
2024-06-17,15.04,149862.0,41.72,31.48
2024-06-18,0.42,141087.0,39.32,31.41
2024-06-19,0.7,132844.0,34.09,31.26
2024-06-20,0.85,104335.0,38.81,31.19
2024-06-21,0.0,108206.0,39.79,31.19
2024-06-22,1.47,101329.0,33.92,31.29
2024-06-23,5.01,116376.0,36.18,30.85
2024-06-24,0.0,113799.0,32.68,30.68
2024-06-25,1.06,123685.0,33.66,30.66
2024-06-26,0.0,106571.0,38.29,30.61
2024-06-27,1.38,109761.0,35.27,30.62
2024-06-28,0.55,108267.0,33.47,30.61
2024-06-29,1.6,109240.0,36.36,30.52
2024-06-30,2.19,112584.0,35.02,30.4
2024-07-01,0.69,106038.0,35.23,30.32
2024-07-02,2.08,102302.0,37.76,30.45
2024-07-03,0.0,108135.0,33.91,30.29
2024-07-04,4.35,118755.0,34.78,30.24
2024-07-05,0.87,119962.0,36.77,30.23
2024-07-06,17.13,167459.0,40.41,30.48
2024-07-07,0.0,155855.0,40.73,30.44
2024-07-08,0.0,140697.0,36.95,30.57
2024-07-09,0.44,99415.0,39.72,30.71
2024-07-10,0.18,104052.0,36.23,30.65
2024-07-11,0.61,115935.0,39.51,30.59
2024-07-12,1.79,114284.0,33.85,30.5
2024-07-13,0.0,112007.0,38.81,30.42
2024-07-14,1.6,107101.0,35.02,30.5
2024-07-15,0.13,100193.0,40.4,30.5
2024-07-16,0.0,108554.0,37.53,30.49
2024-07-17,0.0,94850.0,34.15,30.27
2024-07-18,0.84,101035.0,35.29,30.07
2024-07-19,0.0,101653.0,37.76,30.35
2024-07-20,1.03,112942.0,38.47,30.29
2024-07-21,0.0,100976.0,36.28,30.12
2024-07-22,0.12,90874.0,36.58,30.28
2024-07-23,0.0,102843.0,37.97,30.28
2024-07-24,1.78,101570.0,36.99,30.32
2024-07-25,0.0,104958.0,34.09,30.25
2024-07-26,0.0,104311.0,35.12,30.16
2024-07-27,0.0,98631.0,37.27,30.09
2024-07-28,1.91,109058.0,39.53,29.84
2024-07-29,6.04,113537.0,40.92,29.8
2024-07-30,30.67,200394.0,43.0,29.9
2024-07-31,0.0,201293.0,42.09,30.23
2024-08-01,0.0,178707.0,43.1,30.28
2024-08-02,0.58,93513.0,40.19,29.88
2024-08-03,0.0,104899.0,40.58,29.83
2024-08-04,1.13,110194.0,35.78,30.2
2024-08-05,0.2,103335.0,35.05,30.28
2024-08-06,3.59,103340.0,38.74,30.12
2024-08-07,13.96,150873.0,40.14,30.21
2024-08-08,22.96,199737.0,43.99,30.15
2024-08-09,2.73,207276.0,44.0,30.01
2024-08-10,1.83,168945.0,43.69,29.99
2024-08-11,0.0,106352.0,43.99,29.97
2024-08-12,0.39,103715.0,41.27,29.66
2024-08-13,0.07,100328.0,39.54,29.45
2024-08-14,0.5,99366.0,37.1,29.41
2024-08-15,0.0,104479.0,39.18,29.31
2024-08-16,0.0,99113.0,39.89,29.33
2024-08-17,0.0,104901.0,37.28,29.11
2024-08-18,0.34,102307.0,38.87,29.18
2024-08-19,0.83,99615.0,37.67,28.96
2024-08-20,0.0,98773.0,37.98,29.16
2024-08-21,0.0,93965.0,36.9,28.86
2024-08-22,1.69,105949.0,42.0,28.67
2024-08-23,78.22,311307.0,51.07,28.94
2024-08-24,0.0,301219.0,50.03,29.37
2024-08-25,0.0,305905.0,53.02,29.63
2024-08-26,0.0,95495.0,48.82,29.68
2024-08-27,0.0,107878.0,55.18,29.69
2024-08-28,0.0,91486.0,39.4,29.49
2024-08-29,2.2,98651.0,40.75,29.38
2024-08-30,0.0,111407.0,39.56,29.16
2024-08-31,1.36,116280.0,41.39,28.95
2024-09-01,0.0,99913.0,42.43,28.98
2024-09-02,19.02,151192.0,42.94,28.83
2024-09-03,0.27,154523.0,46.61,28.9
2024-09-04,1.82,144669.0,43.87,28.72
2024-09-05,24.52,161678.0,46.83,28.8
2024-09-06,0.0,168852.0,44.58,28.76
2024-09-07,46.59,297379.0,50.66,29.16
2024-09-08,0.0,222058.0,49.64,29.31
2024-09-09,0.0,224741.0,48.58,29.6
2024-09-10,1.32,109177.0,45.57,29.47
2024-09-11,0.03,114135.0,52.57,29.48
2024-09-12,4.33,112262.0,41.74,29.31
2024-09-13,0.0,111554.0,39.45,29.21
2024-09-14,1.14,123705.0,41.2,29.16
2024-09-15,0.0,95438.0,42.43,29.02
2024-09-16,0.17,108642.0,43.74,28.81
2024-09-17,1.16,98458.0,43.47,28.57
2024-09-18,0.0,104062.0,43.8,28.2
2024-09-19,1.38,105561.0,41.27,28.01
2024-09-20,3.92,109339.0,43.79,28.09
2024-09-21,0.42,110343.0,41.46,27.83
2024-09-22,1.53,117050.0,42.09,27.61
2024-09-23,11.88,141877.0,42.99,27.89
2024-09-24,0.98,137735.0,42.46,27.8
2024-09-25,0.4,135703.0,46.6,27.87
2024-09-26,0.0,106528.0,45.86,27.95
2024-09-27,2.31,102373.0,46.58,28.03
2024-09-28,1.23,113144.0,43.47,27.79
2024-09-29,0.0,113542.0,44.87,27.74
2024-09-30,1.68,120757.0,39.98,27.49
2024-10-01,0.65,104331.0,45.34,27.84
2024-10-02,0.78,106008.0,43.81,27.58
2024-10-03,2.53,114424.0,44.89,27.42
2024-10-04,0.0,112930.0,44.41,27.25
2024-10-05,3.28,112830.0,41.89,27.01
2024-10-06,0.0,106742.0,40.79,27.19
2024-10-07,0.81,113633.0,42.37,27.55
2024-10-08,4.74,110669.0,45.19,27.46
2024-10-09,3.59,122338.0,45.86,27.27
2024-10-10,2.1,128263.0,41.59,26.93
2024-10-11,0.59,121727.0,42.42,26.89
2024-10-12,1.25,107486.0,42.96,26.83
2024-10-13,2.21,101590.0,43.36,26.71
2024-10-14,19.67,152101.0,43.25,26.77
2024-10-15,2.97,159958.0,43.2,26.86
2024-10-16,2.2,159670.0,44.55,26.94
2024-10-17,1.97,118277.0,46.41,26.9
2024-10-18,0.18,105680.0,43.58,26.71
2024-10-19,21.24,158895.0,45.85,26.85
2024-10-20,3.82,163458.0,48.24,26.91
2024-10-21,0.45,165826.0,43.24,27.07
2024-10-22,2.27,124031.0,45.4,27.2
2024-10-23,1.37,114198.0,47.93,26.99
2024-10-24,2.82,117297.0,42.76,26.76
2024-10-25,2.12,114525.0,42.17,26.64
2024-10-26,25.95,180214.0,48.62,26.55
2024-10-27,3.57,186011.0,45.75,26.73
2024-10-28,18.7,231493.0,50.56,26.91
2024-10-29,3.92,165270.0,49.25,27.13
2024-10-30,1.8,165278.0,47.57,27.23
2024-10-31,2.15,110810.0,46.26,27.26
2024-11-01,3.54,121011.0,45.83,27.44
2024-11-02,2.38,125307.0,45.17,27.51
2024-11-03,4.51,126389.0,42.0,27.52
2024-11-04,2.06,132931.0,43.1,27.75
2024-11-05,2.34,119346.0,42.81,27.76
2024-11-06,2.34,119054.0,44.08,27.7
2024-11-07,2.52,119034.0,40.53,27.56
2024-11-08,5.07,125994.0,44.56,27.67
2024-11-09,4.42,131474.0,43.63,27.86
2024-11-10,6.09,142092.0,40.39,27.86
2024-11-11,6.98,150878.0,45.88,28.08
2024-11-12,23.08,203292.0,50.28,27.88
2024-11-13,3.78,190239.0,47.54,27.94
2024-11-14,1.96,180955.0,47.98,27.99
2024-11-15,2.61,118785.0,44.75,27.88
2024-11-16,2.88,123722.0,40.65,28.23
2024-11-17,2.29,116956.0,37.67,28.19
2024-11-18,2.35,125519.0,41.57,28.12
2024-11-19,3.76,133456.0,39.97,28.12
2024-11-20,2.2,121545.0,39.16,27.8
2024-11-21,5.34,119159.0,41.04,27.67
2024-11-22,2.74,124674.0,42.33,27.82
2024-11-23,8.38,150064.0,38.8,27.73
2024-11-24,3.54,141877.0,40.66,27.61
2024-11-25,4.37,144695.0,44.72,27.82
2024-11-26,2.37,132450.0,39.08,28.02
2024-11-27,6.92,138832.0,43.36,28.1
2024-11-28,6.08,147058.0,40.26,28.04
2024-11-29,4.89,152303.0,42.37,28.02
2024-11-30,2.47,143466.0,43.14,27.91
2024-12-01,4.85,134376.0,42.62,27.77
2024-12-02,2.9,131792.0,42.36,27.61
2024-12-03,6.82,137319.0,38.23,27.51
2024-12-04,5.88,138591.0,42.77,27.37
2024-12-05,4.85,155345.0,39.03,27.14
2024-12-06,1.1,132639.0,40.7,27.17
2024-12-07,3.32,128749.0,40.65,27.21
2024-12-08,5.87,128046.0,40.9,27.46
2024-12-09,6.7,139420.0,40.61,27.36
2024-12-10,6.58,151103.0,38.36,27.41
2024-12-11,2.57,149429.0,37.44,27.46
2024-12-12,5.45,141695.0,42.05,27.43
2024-12-13,6.56,130298.0,40.68,27.54
2024-12-14,17.48,177556.0,43.82,27.7
2024-12-15,5.1,186607.0,41.18,27.79
2024-12-16,5.55,173957.0,38.74,27.78
2024-12-17,4.73,132009.0,43.32,27.73
2024-12-18,20.38,191233.0,42.23,27.57
2024-12-19,4.76,183063.0,42.06,27.5
2024-12-20,45.76,288706.0,44.89,27.55
2024-12-21,5.09,246439.0,49.35,27.52
2024-12-22,4.5,253022.0,44.22,27.7
2024-12-23,4.72,135462.0,43.36,27.88
2024-12-24,5.35,144600.0,44.26,27.76
2024-12-25,6.11,145842.0,37.05,27.8
2024-12-26,5.02,145152.0,39.83,27.65
2024-12-27,4.89,143413.0,42.38,27.62
2024-12-28,5.67,140642.0,38.24,27.51
2024-12-29,25.61,201661.0,42.39,27.66
2024-12-30,47.21,304967.0,40.99,27.7
2024-12-31,5.61,301025.0,45.6,28.01
2025-01-01,5.69,259100.0,45.15,28.1
2025-01-02,7.1,152225.0,44.31,28.02
2025-01-03,2.75,143855.0,45.37,27.85
2025-01-04,11.6,159251.0,38.28,27.9
2025-01-05,6.14,153044.0,38.64,28.04
2025-01-06,5.74,166542.0,38.25,28.1
2025-01-07,6.02,147498.0,35.04,28.43
2025-01-08,5.09,142509.0,36.89,28.63
2025-01-09,6.8,146227.0,40.5,28.59
2025-01-10,7.22,161089.0,34.49,28.54
2025-01-11,6.57,146238.0,37.27,28.61
2025-01-12,5.47,153848.0,37.94,28.48
2025-01-13,2.71,130921.0,41.94,28.65
2025-01-14,7.04,140039.0,40.02,28.7
2025-01-15,16.48,167790.0,38.48,28.76
2025-01-16,6.88,170651.0,42.24,28.89
2025-01-17,4.61,176528.0,38.05,29.17
2025-01-18,6.95,147254.0,42.05,29.2
2025-01-19,7.24,139610.0,37.34,29.17
2025-01-20,8.29,164139.0,41.22,29.41
2025-01-21,24.15,212980.0,40.34,29.61
2025-01-22,5.63,208975.0,39.21,29.61
2025-01-23,7.1,200133.0,40.85,29.66
2025-01-24,6.07,150367.0,41.7,29.69
2025-01-25,4.31,153260.0,39.68,29.75
2025-01-26,6.61,153740.0,39.68,29.55
2025-01-27,6.86,153112.0,37.55,29.32
2025-01-28,6.13,147583.0,39.84,29.18
2025-01-29,6.33,152535.0,39.51,29.04
2025-01-30,5.61,150387.0,38.66,28.95
2025-01-31,8.22,144706.0,38.1,29.04
2025-02-01,4.65,151616.0,39.02,29.01
2025-02-02,11.26,175696.0,40.43,29.07
2025-02-03,6.01,161643.0,43.41,28.91
2025-02-04,12.07,185614.0,41.94,28.88
2025-02-05,3.74,159103.0,41.48,28.98
2025-02-06,4.01,152498.0,45.63,29.1
2025-02-07,3.23,131192.0,39.52,28.97
2025-02-08,37.99,216547.0,43.29,29.07
2025-02-09,4.66,217530.0,42.84,29.47
2025-02-10,5.37,234383.0,39.61,29.54
2025-02-11,6.93,152079.0,41.09,29.44
2025-02-12,10.72,156435.0,41.87,29.43
2025-02-13,6.26,168606.0,40.37,29.46
2025-02-14,5.45,159393.0,38.82,29.44
2025-02-15,6.9,151317.0,39.63,29.44
2025-02-16,76.53,339310.0,49.88,29.44
2025-02-17,4.82,340294.0,48.72,29.51
2025-02-18,5.59,332250.0,46.59,29.68
2025-02-19,7.39,154509.0,45.81,29.68
2025-02-20,6.4,153210.0,49.36,29.63
2025-02-21,21.24,196511.0,42.0,29.65
2025-02-22,6.75,187522.0,37.47,29.68
2025-02-23,4.12,196413.0,39.88,29.85
2025-02-24,7.85,152262.0,40.89,29.84
2025-02-25,7.24,154782.0,42.22,29.91
2025-02-26,6.12,148499.0,40.67,29.83
2025-02-27,5.89,147223.0,39.31,29.91
2025-02-28,5.32,152405.0,40.06,29.97
2025-03-01,6.63,149010.0,38.87,30.1
2025-03-02,5.03,135694.0,37.13,30.18
2025-03-03,5.91,152026.0,37.93,30.27
2025-03-04,6.84,144676.0,38.6,30.24
2025-03-05,12.51,174412.0,39.36,30.3
2025-03-06,12.98,185771.0,36.42,30.47
2025-03-07,3.65,178737.0,39.23,30.39
2025-03-08,3.82,160416.0,39.89,30.3
2025-03-09,2.64,122456.0,38.71,30.3
2025-03-10,6.44,129427.0,38.05,30.34
2025-03-11,8.03,144649.0,38.93,30.21
2025-03-12,12.6,176319.0,36.86,30.21
2025-03-13,2.81,155840.0,35.65,30.19
2025-03-14,6.3,149547.0,38.65,29.85
2025-03-15,7.31,147920.0,40.97,29.82
2025-03-16,4.46,145183.0,42.39,29.8
2025-03-17,5.26,143456.0,39.7,29.77
2025-03-18,2.06,122122.0,35.11,29.95
2025-03-19,5.43,130609.0,37.48,29.74
2025-03-20,3.4,129004.0,37.99,29.6
2025-03-21,5.26,142218.0,37.92,29.2
2025-03-22,2.57,126087.0,38.33,29.1
2025-03-23,5.69,144341.0,35.85,29.03
2025-03-24,6.37,135610.0,37.92,28.94
2025-03-25,3.62,138405.0,38.66,29.1
2025-03-26,3.05,142459.0,39.21,29.22
2025-03-27,1.48,122775.0,35.81,29.21
2025-03-28,65.25,283295.0,43.88,29.28
2025-03-29,31.68,361636.0,42.2,29.62
2025-03-30,2.25,371252.0,46.2,29.85
2025-03-31,5.22,211738.0,46.66,29.8
2025-04-01,3.82,126020.0,45.95,29.54
2025-04-02,2.83,131436.0,40.83,29.46
2025-04-03,3.57,127709.0,37.01,29.55
2025-04-04,5.96,128048.0,33.05,29.86
2025-04-05,5.21,139049.0,38.0,29.86
2025-04-06,4.07,140682.0,35.74,29.72
2025-04-07,5.14,144175.0,38.85,29.54
2025-04-08,2.43,137079.0,35.17,29.6
2025-04-09,4.17,129666.0,37.58,29.31
2025-04-10,4.29,127974.0,36.85,29.37
2025-04-11,3.32,134745.0,37.93,29.48
2025-04-12,5.15,131122.0,37.57,29.53
2025-04-13,9.62,151194.0,37.68,29.49
2025-04-14,4.64,151338.0,35.17,29.56
2025-04-15,4.66,145603.0,35.33,29.57
2025-04-16,0.0,120012.0,36.72,29.43
2025-04-17,5.51,134356.0,37.92,29.69
2025-04-18,0.0,113922.0,35.56,29.6
2025-04-19,2.7,130116.0,37.8,29.69
2025-04-20,5.12,118283.0,36.04,29.3
2025-04-21,3.05,130442.0,35.04,29.46
2025-04-22,2.24,139720.0,36.02,29.67
2025-04-23,1.78,113586.0,37.24,29.64
2025-04-24,4.91,114353.0,37.7,29.69
2025-04-25,0.44,125467.0,40.25,29.75
2025-04-26,4.96,123380.0,35.39,29.63
2025-04-27,3.14,122672.0,36.68,29.68
2025-04-28,28.46,194557.0,40.88,29.6
2025-04-29,2.24,191567.0,39.66,29.54
2025-04-30,1.54,181212.0,38.84,29.73
2025-05-01,4.31,120680.0,36.67,29.85
2025-05-02,60.4,278905.0,45.61,29.88
2025-05-03,0.33,268394.0,41.11,29.87
2025-05-04,2.25,264443.0,39.81,29.86
2025-05-05,1.51,109184.0,41.67,29.94
2025-05-06,27.61,176530.0,43.96,29.83
2025-05-07,0.68,177363.0,40.06,29.91
2025-05-08,5.06,189528.0,40.66,30.05
2025-05-09,2.55,120103.0,37.69,30.01
2025-05-10,0.81,121087.0,38.89,30.14
2025-05-11,1.48,112810.0,32.56,30.04
2025-05-12,1.25,106149.0,35.36,29.97
2025-05-13,75.09,310963.0,45.55,29.98
2025-05-14,12.23,343346.0,47.56,30.34
2025-05-15,21.68,388329.0,46.99,30.47
2025-05-16,0.0,192846.0,50.34,30.59
2025-05-17,5.16,170377.0,45.68,30.62
2025-05-18,0.0,115595.0,37.21,30.42
2025-05-19,0.97,124181.0,39.77,30.31
2025-05-20,0.68,106954.0,39.18,30.48
2025-05-21,0.69,97391.0,36.91,30.46
2025-05-22,4.95,119150.0,35.82,30.27
2025-05-23,8.71,144443.0,32.55,30.29
2025-05-24,2.22,141251.0,33.05,30.24
2025-05-25,0.0,134130.0,37.27,30.74
2025-05-26,0.78,104555.0,36.31,30.73
2025-05-27,2.04,100080.0,34.47,30.62
2025-05-28,0.13,108561.0,35.79,30.79
2025-05-29,2.98,104949.0,35.98,30.47
2025-05-30,0.0,107102.0,37.64,30.44
2025-05-31,1.1,117323.0,36.07,30.7
2025-06-01,0.61,95002.0,38.08,30.63
2025-06-02,1.69,102652.0,35.83,30.32
2025-06-03,0.44,102118.0,35.28,30.22
2025-06-04,0.95,107871.0,37.76,30.39
2025-06-05,0.96,104410.0,33.66,30.4
2025-06-06,20.75,167394.0,43.67,30.3
2025-06-07,1.95,167855.0,38.83,30.2
2025-06-08,1.54,167122.0,38.98,30.13
2025-06-09,1.27,113449.0,39.32,30.15
2025-06-10,0.46,110698.0,41.97,30.33
2025-06-11,2.26,106333.0,37.59,30.44
2025-06-12,0.67,113320.0,32.65,30.46
2025-06-13,0.53,103656.0,38.55,30.22
2025-06-14,1.11,110317.0,35.05,29.98
2025-06-15,3.46,119497.0,36.31,30.03
2025-06-16,0.0,113217.0,33.28,29.78
2025-06-17,1.99,113648.0,37.06,29.71
2025-06-18,0.0,107316.0,34.65,29.71
2025-06-19,1.09,93923.0,36.17,29.49
2025-06-20,3.1,112684.0,35.37,29.3
2025-06-21,1.43,114427.0,39.97,29.26
2025-06-22,0.92,114286.0,39.97,29.31
2025-06-23,0.0,109816.0,36.12,29.43
2025-06-24,0.65,103822.0,36.12,29.48
2025-06-25,0.19,96553.0,34.91,29.44
2025-06-26,0.0,101547.0,37.71,29.29
2025-06-27,0.08,101068.0,34.76,29.08
2025-06-28,17.89,148504.0,36.75,28.99
2025-06-29,0.0,148739.0,39.49,29.06
2025-06-30,0.0,152916.0,36.45,29.1
2025-07-01,0.0,94570.0,37.48,28.74
2025-07-02,0.96,103451.0,34.52,28.58
2025-07-03,1.17,112147.0,37.11,28.73
2025-07-04,0.68,98831.0,39.7,28.71
2025-07-05,1.75,110508.0,37.5,28.46
2025-07-06,0.42,104668.0,39.06,28.78
2025-07-07,0.85,106204.0,34.46,28.74
2025-07-08,0.7,100716.0,36.6,28.75
2025-07-09,0.08,103509.0,34.21,28.77
2025-07-10,3.87,121620.0,35.93,28.69
2025-07-11,3.51,113580.0,38.34,28.55
2025-07-12,0.0,113828.0,36.93,28.84
2025-07-13,0.0,102840.0,33.86,28.94
2025-07-14,0.79,110733.0,34.19,29.03
2025-07-15,27.86,174088.0,36.98,29.12
2025-07-16,17.19,222114.0,42.41,29.05
2025-07-17,1.78,222871.0,45.82,29.33
2025-07-18,0.0,145859.0,44.47,29.21
2025-07-19,21.89,161948.0,40.54,29.27
2025-07-20,1.84,175587.0,44.1,29.06
2025-07-21,0.99,172890.0,41.25,28.78
2025-07-22,0.0,103280.0,36.13,28.79
2025-07-23,2.7,113065.0,39.0,28.64
2025-07-24,47.64,230073.0,44.95,28.43
2025-07-25,0.0,225358.0,43.71,28.6
2025-07-26,2.4,238540.0,40.22,28.99
2025-07-27,0.25,112868.0,44.16,29.19
2025-07-28,0.0,112288.0,38.42,29.12
2025-07-29,0.0,98312.0,36.6,29.07
2025-07-30,0.87,101496.0,39.51,29.17
2025-07-31,0.72,107986.0,37.14,29.3
2025-08-01,0.02,106253.0,36.16,29.21
2025-08-02,0.0,99998.0,39.02,29.18
2025-08-03,0.2,92491.0,39.3,29.18
2025-08-04,0.0,101097.0,39.96,29.22
2025-08-05,0.0,105922.0,39.09,29.17
2025-08-06,0.0,94012.0,39.59,29.11
2025-08-07,0.87,105504.0,39.09,29.28
2025-08-08,0.0,103968.0,38.23,29.43
2025-08-09,0.34,106969.0,38.02,29.46
2025-08-10,0.0,105267.0,37.47,29.68
2025-08-11,20.42,151876.0,38.07,29.62
2025-08-12,0.0,146356.0,38.58,29.86
2025-08-13,1.06,154596.0,40.16,29.94
2025-08-14,0.0,107268.0,41.28,30.4
2025-08-15,0.26,100815.0,43.82,30.19
2025-08-16,1.21,100463.0,38.66,30.05
2025-08-17,0.0,94827.0,40.86,30.07
2025-08-18,1.63,116340.0,41.19,30.1
2025-08-19,0.0,108475.0,38.69,30.36
2025-08-20,33.86,198477.0,44.49,30.31
2025-08-21,1.57,199303.0,42.97,30.5
2025-08-22,1.19,200530.0,46.36,30.74
2025-08-23,3.1,114402.0,45.29,30.82
2025-08-24,0.0,110621.0,41.75,30.65
2025-08-25,0.0,106121.0,40.52,30.82
2025-08-26,12.06,145335.0,44.87,31.01
2025-08-27,1.3,138401.0,41.34,31.09
2025-08-28,1.08,136174.0,42.48,31.12
2025-08-29,0.51,110011.0,42.86,31.12
2025-08-30,0.0,99170.0,39.81,31.06
2025-08-31,1.55,113020.0,41.77,31.13
2025-09-01,0.0,100840.0,37.92,31.08
2025-09-02,2.2,112506.0,39.72,30.92
2025-09-03,13.4,146909.0,44.78,30.77
2025-09-04,1.06,146339.0,43.59,30.66
2025-09-05,1.42,142812.0,42.37,30.7
2025-09-06,0.0,106670.0,43.99,30.66
2025-09-07,19.05,154292.0,45.11,30.71
2025-09-08,0.0,147910.0,43.76,30.79
2025-09-09,0.0,148546.0,45.03,30.71
2025-09-10,0.0,107398.0,42.2,30.9
2025-09-11,3.32,108303.0,44.24,30.83
2025-09-12,1.18,108055.0,41.5,30.73
2025-09-13,1.37,113061.0,39.21,30.77
2025-09-14,0.37,113298.0,40.69,30.46
2025-09-15,11.57,138889.0,47.15,30.35
2025-09-16,2.36,140941.0,44.76,30.51
2025-09-17,0.9,138253.0,41.4,30.24
2025-09-18,1.78,116306.0,41.1,30.38
2025-09-19,0.73,105883.0,44.09,30.58
2025-09-20,0.55,106872.0,46.19,30.5
2025-09-21,3.15,116677.0,42.87,30.52
2025-09-22,0.0,114251.0,45.82,30.67
2025-09-23,0.79,105615.0,43.86,30.57
2025-09-24,1.31,101332.0,44.23,30.67
2025-09-25,17.21,152037.0,42.67,30.58
2025-09-26,1.26,161368.0,47.05,30.53
2025-09-27,1.43,143488.0,44.72,30.42
2025-09-28,0.0,108573.0,47.07,30.45
2025-09-29,43.21,212175.0,48.79,30.71
2025-09-30,2.1,217649.0,48.99,30.77
2025-10-01,2.11,224626.0,49.48,30.68
2025-10-02,7.41,128875.0,49.21,30.52
2025-10-03,56.68,273856.0,57.15,30.77
2025-10-04,3.2,279468.0,51.02,31.21
2025-10-05,2.88,264672.0,50.37,31.41
2025-10-06,1.62,113212.0,54.82,31.35
2025-10-07,1.11,118837.0,52.96,31.47
2025-10-08,0.91,113454.0,42.64,31.4
2025-10-09,2.6,116538.0,45.22,31.33
2025-10-10,2.24,107654.0,42.51,31.15
2025-10-11,3.59,123994.0,41.85,31.34
2025-10-12,2.25,124924.0,46.4,30.95
2025-10-13,3.33,119273.0,41.18,31.04
2025-10-14,2.29,121008.0,46.38,30.96
2025-10-15,3.37,123387.0,44.11,30.89
2025-10-16,3.55,133784.0,44.15,31.13
2025-10-17,61.8,292889.0,52.49,31.21
2025-10-18,0.0,265949.0,52.39,31.26
2025-10-19,4.71,289833.0,49.81,31.41
2025-10-20,2.83,115545.0,52.77,31.46
2025-10-21,0.0,125025.0,51.07,31.4
2025-10-22,1.48,116351.0,41.03,31.13
2025-10-23,3.76,108989.0,43.58,30.97
2025-10-24,5.88,132115.0,46.75,31.17
2025-10-25,1.94,130328.0,47.15,31.18
2025-10-26,4.86,136564.0,45.73,31.24
2025-10-27,1.24,122559.0,41.8,31.18
2025-10-28,1.66,126655.0,44.82,31.07
2025-10-29,3.23,116705.0,45.13,31.3
2025-10-30,3.55,121653.0,44.98,31.26
2025-10-31,3.76,133563.0,44.86,31.19
2025-11-01,4.43,134197.0,44.3,31.35
2025-11-02,3.41,134600.0,43.54,31.23
2025-11-03,3.9,128003.0,42.44,31.12
2025-11-04,2.83,121831.0,39.67,31.1
2025-11-05,18.74,165090.0,45.83,31.13
2025-11-06,55.74,303069.0,51.57,31.35
2025-11-07,3.7,312412.0,52.23,31.87
2025-11-08,4.58,275608.0,48.41,32.06
2025-11-09,4.31,132792.0,52.43,31.71
2025-11-10,3.59,140447.0,53.31,31.78
2025-11-11,15.56,169412.0,44.42,31.81
2025-11-12,3.73,162242.0,44.03,31.83
2025-11-13,3.64,157032.0,44.53,31.88
2025-11-14,4.02,138234.0,47.82,31.88
2025-11-15,7.09,139009.0,42.01,31.87
2025-11-16,3.04,138362.0,42.84,31.95
2025-11-17,4.51,137348.0,40.81,31.85
2025-11-18,5.53,130441.0,41.42,31.69
2025-11-19,4.12,130427.0,42.31,32.13
2025-11-20,10.7,157432.0,45.41,32.03
2025-11-21,3.51,144954.0,46.25,32.06
2025-11-22,18.54,202604.0,45.11,31.89
2025-11-23,2.97,161271.0,43.04,31.91
2025-11-24,3.69,160903.0,48.61,31.8
2025-11-25,4.64,132674.0,41.92,31.72
2025-11-26,5.58,144727.0,41.77,31.87
2025-11-27,4.83,140459.0,37.6,31.92
2025-11-28,6.29,147408.0,44.23,32.01
2025-11-29,4.31,131931.0,43.34,31.73
2025-11-30,3.99,135519.0,46.05,32.0
2025-12-01,8.59,139678.0,38.69,31.8
2025-12-02,5.17,137885.0,44.32,32.03
2025-12-03,3.55,146748.0,41.11,32.17
2025-12-04,5.54,126802.0,42.63,32.24
2025-12-05,3.3,126403.0,37.54,32.08
2025-12-06,6.16,137294.0,43.38,32.09
2025-12-07,4.25,132383.0,41.81,32.0
2025-12-08,5.03,143135.0,40.24,31.99
2025-12-09,4.78,139010.0,41.43,31.94
2025-12-10,6.01,146659.0,38.84,31.62
2025-12-11,3.69,142375.0,38.83,31.78
2025-12-12,3.38,140585.0,38.87,31.75
2025-12-13,5.37,133153.0,36.05,31.64
2025-12-14,5.97,140777.0,41.54,31.55
2025-12-15,5.61,147751.0,42.07,31.6
2025-12-16,3.93,142063.0,38.24,31.45
2025-12-17,6.2,139967.0,40.6,31.1
2025-12-18,4.1,136271.0,39.15,31.14
2025-12-19,4.47,135279.0,40.09,31.2
2025-12-20,3.87,135265.0,37.9,31.15
2025-12-21,28.78,198505.0,40.3,31.02
2025-12-22,6.3,200544.0,44.12,31.08
2025-12-23,6.29,207004.0,42.09,30.91
2025-12-24,7.28,146934.0,46.54,30.77
2025-12-25,9.66,166846.0,43.23,30.68
2025-12-26,2.91,153331.0,38.12,30.8
2025-12-27,4.39,140918.0,42.15,30.74
2025-12-28,4.6,135791.0,40.7,30.66
2025-12-29,4.28,132605.0,40.48,30.94
2025-12-30,6.7,134516.0,41.01,30.98
